step,loss,lr,step_time,total_time,vram_mb
0,2.851987838745117,1e-05,1.201521635055542,1.2135844230651855,2452.302734375
1,2.209263801574707,1e-05,0.06626462936401367,1.2867403030395508,2452.302734375
2,2.7023874521255493,1e-05,0.0671544075012207,1.3608391284942627,2452.302734375
3,3.3582446575164795,1e-05,0.06537961959838867,1.4332714080810547,2452.302734375
4,3.2680526971817017,1e-05,0.06473112106323242,1.5043554306030273,2452.302734375
5,3.6065152883529663,1e-05,0.06581377983093262,1.5763185024261475,2452.302734375
6,2.36284863948822,1e-05,0.06473612785339355,1.6469268798828125,2452.302734375
7,3.29537832736969,1e-05,0.06528329849243164,1.7184803485870361,2452.302734375
8,3.213400721549988,1e-05,0.06609416007995605,1.7907066345214844,2452.302734375
9,2.312238097190857,1e-05,0.06544852256774902,1.8619093894958496,2452.302734375
10,3.892987012863159,1e-05,0.06453514099121094,1.932025671005249,2452.302734375
11,3.5853105783462524,1e-05,0.06516766548156738,2.003464698791504,2452.302734375
12,3.7185821533203125,1e-05,0.06621479988098145,2.07585072517395,2452.302734375
13,3.5515390634536743,1e-05,0.06513452529907227,2.147129774093628,2452.302734375
14,2.8520658016204834,1e-05,0.06544971466064453,2.218703031539917,2452.302734375
15,2.9318898916244507,1e-05,0.06530475616455078,2.290163278579712,2452.302734375
16,3.3638967275619507,1e-05,0.06552958488464355,2.3618717193603516,2452.302734375
17,2.571174383163452,1e-05,0.06414961814880371,2.4319214820861816,2452.302734375
18,3.1379047632217407,1e-05,0.06458520889282227,2.502437114715576,2452.302734375
19,2.7993884086608887,1e-05,0.06589365005493164,2.5746049880981445,2452.302734375
20,3.312680721282959,1e-05,0.06504487991333008,2.645672082901001,2452.302734375
21,3.088473081588745,1e-05,0.06480026245117188,2.7165842056274414,2452.302734375
22,3.7125957012176514,1e-05,0.09087300300598145,2.813603639602661,2452.302734375
23,3.346178889274597,1e-05,0.07460904121398926,2.8932368755340576,2452.302734375
24,3.1150559186935425,1e-05,0.0689399242401123,2.967303514480591,2452.302734375
25,2.504515528678894,1e-05,0.06518936157226562,3.038602590560913,2452.302734375
26,3.173463463783264,1e-05,0.06611847877502441,3.1110496520996094,2452.302734375
27,2.9960649013519287,1e-05,0.06767392158508301,3.184523105621338,2452.302734375
28,2.84899365901947,1e-05,0.06721949577331543,3.2575509548187256,2452.302734375
29,3.373659610748291,1e-05,0.06749796867370605,3.3309109210968018,2452.302734375
30,2.6707457304000854,1e-05,0.06769251823425293,3.4041783809661865,2452.302734375
31,3.447272300720215,1e-05,0.06507134437561035,3.4751203060150146,2452.302734375
32,3.673246145248413,1e-05,0.06643509864807129,3.5477614402770996,2452.302734375
33,3.1443907022476196,1e-05,0.06489419937133789,3.618828773498535,2452.302734375
34,3.683089852333069,1e-05,0.06482362747192383,3.6897940635681152,2452.302734375
35,3.0509326457977295,1e-05,0.06517338752746582,3.7610833644866943,2452.302734375
36,3.156163454055786,1e-05,0.06529664993286133,3.8324031829833984,2452.302734375
37,3.150357723236084,1e-05,0.06565546989440918,3.9042108058929443,2452.302734375
38,3.3396722078323364,1e-05,0.06457352638244629,3.9748806953430176,2452.302734375
39,2.9421274662017822,1e-05,0.06479549407958984,4.0455780029296875,2452.302734375
40,3.1190191507339478,1e-05,0.06577682495117188,4.117490291595459,2452.302734375
41,2.7126067876815796,1e-05,0.06592106819152832,4.189297676086426,2452.302734375
42,3.728737235069275,1e-05,0.06648898124694824,4.261622190475464,2452.302734375
43,3.2527153491973877,1e-05,0.0647735595703125,4.3324854373931885,2452.302734375
44,3.7461962699890137,1e-05,0.06576418876647949,4.404329538345337,2452.302734375
45,3.088447690010071,1e-05,0.06482243537902832,4.475212335586548,2452.302734375
46,3.1132041215896606,1e-05,0.06498122215270996,4.546035528182983,2452.302734375
47,3.5995280742645264,1e-05,0.06518864631652832,4.617131948471069,2452.302734375
48,3.4638454914093018,1e-05,0.0649421215057373,4.688233137130737,2452.302734375
49,3.0166029930114746,1e-05,0.06514143943786621,4.759408473968506,2452.302734375
50,2.8980926275253296,1e-05,0.06542849540710449,4.831196308135986,2452.302734375
51,2.439109206199646,1e-05,0.06557655334472656,4.90303635597229,2452.302734375
52,3.040684461593628,1e-05,0.06600832939147949,4.9751527309417725,2452.302734375
53,3.2759783267974854,1e-05,0.06504130363464355,5.046238899230957,2452.302734375
54,4.014437675476074,1e-05,0.0656731128692627,5.117855787277222,2452.302734375
55,2.9989341497421265,1e-05,0.06530189514160156,5.188989639282227,2452.302734375
56,3.1598119735717773,1e-05,0.06534337997436523,5.260388612747192,2452.302734375
57,3.426706314086914,1e-05,0.06488919258117676,5.331358909606934,2452.302734375
58,3.869022011756897,1e-05,0.06517767906188965,5.402713775634766,2452.302734375
59,3.6162052154541016,1e-05,0.0649862289428711,5.473910093307495,2452.302734375
60,3.007646322250366,1e-05,0.06569886207580566,5.54561710357666,2452.302734375
61,3.515714645385742,1e-05,0.06726646423339844,5.619093656539917,2452.302734375
62,2.9715588092803955,1e-05,0.06803393363952637,5.692834377288818,2452.302734375
63,3.9052693843841553,1e-05,0.06762814521789551,5.766110897064209,2452.302734375
64,4.111178636550903,1e-05,0.06676173210144043,5.838693618774414,2452.302734375
65,3.318494439125061,1e-05,0.06579113006591797,5.910490989685059,2452.302734375
66,3.854498028755188,1e-05,0.06478333473205566,5.981419324874878,2452.302734375
67,3.612568497657776,1e-05,0.0644681453704834,6.052175045013428,2452.302734375
68,3.8053336143493652,1e-05,0.10259270668029785,6.16090989112854,2452.302734375
69,3.828920841217041,1e-05,0.06651782989501953,6.232974290847778,2452.302734375
70,3.8936184644699097,1e-05,0.06567764282226562,6.304764986038208,2452.302734375
71,3.8610862493515015,1e-05,0.06612610816955566,6.377354383468628,2452.302734375
72,3.482859492301941,1e-05,0.0665137767791748,6.449958801269531,2452.302734375
73,3.171000123023987,1e-05,0.0662682056427002,6.5221288204193115,2452.302734375
74,3.4998583793640137,1e-05,0.06607842445373535,6.59411358833313,2452.302734375
75,4.081061840057373,1e-05,0.06605648994445801,6.666415214538574,2452.302734375
76,3.415831446647644,1e-05,0.06617069244384766,6.738577604293823,2452.302734375
77,3.729529857635498,1e-05,0.0692436695098877,6.813815116882324,2452.302734375
78,3.3801043033599854,1e-05,0.06693887710571289,6.88658332824707,2452.302734375
79,3.5097373723983765,1e-05,0.06623125076293945,6.9588782787323,2452.302734375
80,3.577057361602783,1e-05,0.06661725044250488,7.031864643096924,2452.302734375
81,4.3965678215026855,1e-05,0.06575536727905273,7.10363507270813,2452.302734375
82,2.624683141708374,1e-05,0.0675344467163086,7.17743182182312,2452.302734375
83,3.2899292707443237,1e-05,0.06680512428283691,7.250384092330933,2452.302734375
84,3.9999881982803345,1e-05,0.06541609764099121,7.321690797805786,2452.302734375
85,4.195683717727661,1e-05,0.0653831958770752,7.392950773239136,2452.302734375
86,3.4521909952163696,1e-05,0.06579089164733887,7.464978218078613,2452.302734375
87,3.483046293258667,1e-05,0.06552243232727051,7.536647319793701,2452.302734375
88,3.3528172969818115,1e-05,0.06978392601013184,7.612679719924927,2452.302734375
89,3.029266595840454,1e-05,0.0764768123626709,7.69553804397583,2452.302734375
90,3.74129056930542,1e-05,0.0917348861694336,7.788060188293457,2452.302734375
91,2.7213433980941772,1e-05,0.06570792198181152,7.859407663345337,2452.302734375
92,3.3691951036453247,1e-05,0.06663322448730469,7.9322099685668945,2452.302734375
93,3.8982155323028564,1e-05,0.06502437591552734,8.003041505813599,2452.302734375
94,3.768752932548523,1e-05,0.06432914733886719,8.073592901229858,2452.302734375
95,3.5363309383392334,1e-05,0.06515741348266602,8.144690036773682,2452.302734375
96,3.7455705404281616,1e-05,0.06528639793395996,8.216094255447388,2452.302734375
97,3.7136281728744507,1e-05,0.06511402130126953,8.28731107711792,2452.302734375
98,3.697888493537903,1e-05,0.06467151641845703,8.358285903930664,2452.302734375
99,4.64208197593689,1e-05,0.06487512588500977,8.429213285446167,2452.302734375
100,3.1143722534179688,1e-05,0.06472396850585938,8.500005006790161,2452.302734375
101,4.186387777328491,1e-05,0.06473803520202637,8.571114778518677,2452.302734375
102,4.004317283630371,1e-05,0.06794142723083496,8.645122051239014,2452.302734375
103,4.214125633239746,1e-05,0.0676882266998291,8.718696594238281,2452.302734375
104,3.5001503229141235,1e-05,0.06748032569885254,8.791805267333984,2452.302734375
105,3.4867058992385864,1e-05,0.06813359260559082,8.866021633148193,2452.302734375
106,3.6030768156051636,1e-05,0.0664987564086914,8.938266515731812,2452.302734375
107,4.517327308654785,1e-05,0.06482696533203125,9.009323596954346,2452.302734375
108,3.729133725166321,1e-05,0.06443524360656738,9.079991102218628,2452.302734375
109,2.280905604362488,1e-05,0.06541919708251953,9.151629209518433,2452.302734375
110,3.0888519287109375,1e-05,0.06569671630859375,9.223214864730835,2452.302734375
111,1.98175847530365,1e-05,0.06504201889038086,9.29439115524292,2452.302734375
112,3.332332491874695,1e-05,0.06788897514343262,9.368439674377441,2452.302734375
113,3.3112099170684814,1e-05,0.06756591796875,9.441253185272217,2452.302734375
114,3.823710560798645,1e-05,0.06460857391357422,9.51207685470581,2452.302734375
115,3.7796783447265625,1e-05,0.06471586227416992,9.582922458648682,2452.302734375
116,3.661916136741638,1e-05,0.06550931930541992,9.654762268066406,2452.302734375
117,3.2748208045959473,1e-05,0.06488347053527832,9.725516319274902,2452.302734375
118,4.824834108352661,1e-05,0.0649099349975586,9.79671049118042,2452.302734375
119,3.8798177242279053,1e-05,0.06506896018981934,9.86776351928711,2452.302734375
120,4.077016353607178,1e-05,0.06523609161376953,9.939082384109497,2452.302734375
121,3.796354293823242,1e-05,0.06436634063720703,10.009732246398926,2452.302734375
122,4.041680097579956,1e-05,0.06591320037841797,10.081835985183716,2452.302734375
123,3.3793299198150635,1e-05,0.06506133079528809,10.152974843978882,2452.302734375
124,3.947299361228943,1e-05,0.06553816795349121,10.224529504776001,2452.302734375
125,3.2256332635879517,1e-05,0.06502890586853027,10.295836925506592,2452.302734375
126,3.478492856025696,1e-05,0.06461119651794434,10.366751432418823,2452.302734375
127,4.964609861373901,1e-05,0.06569647789001465,10.438761711120605,2452.302734375
128,4.588322877883911,1e-05,0.06460332870483398,10.50954294204712,2452.302734375
129,5.036703109741211,1e-05,0.06551694869995117,10.58112645149231,2452.302734375
130,4.059473752975464,1e-05,0.06745409965515137,10.654677391052246,2452.302734375
131,2.9611603021621704,1e-05,0.067169189453125,10.727570056915283,2452.302734375
132,4.188663959503174,1e-05,0.06846737861633301,10.801864385604858,2452.302734375
133,3.8131675720214844,1e-05,0.06737256050109863,10.87500810623169,2452.302734375
134,4.112990617752075,1e-05,0.06528759002685547,10.946324586868286,2452.302734375
135,4.350528955459595,1e-05,0.06443643569946289,11.017107725143433,2452.302734375
136,4.368887424468994,1e-05,0.08054876327514648,11.104073286056519,2452.302734375
137,4.542016983032227,1e-05,0.0739281177520752,11.180059432983398,2452.302734375
138,4.653018474578857,1e-05,0.06504130363464355,11.250881433486938,2452.302734375
139,3.230236291885376,1e-05,0.06496381759643555,11.321780681610107,2452.302734375
140,3.620028495788574,1e-05,0.06474971771240234,11.393017530441284,2452.302734375
141,4.019032001495361,1e-05,0.06499052047729492,11.464089155197144,2452.302734375
142,3.829176187515259,1e-05,0.06597757339477539,11.536391735076904,2452.302734375
143,2.824690103530884,1e-05,0.06562113761901855,11.607935190200806,2452.302734375
144,3.7772663831710815,1e-05,0.0648951530456543,11.67875337600708,2452.302734375
145,4.3548102378845215,1e-05,0.06502652168273926,11.750039100646973,2452.302734375
146,4.117996692657471,1e-05,0.06611442565917969,11.822228908538818,2452.302734375
147,3.698062300682068,1e-05,0.06490612030029297,11.893335342407227,2452.302734375
148,4.801103591918945,1e-05,0.06486821174621582,11.964167833328247,2452.302734375
149,3.784109950065613,1e-05,0.06477856636047363,12.034986972808838,2452.302734375
150,3.7640058994293213,1e-05,0.06432366371154785,12.10552167892456,2452.302734375
151,4.1284520626068115,1e-05,0.0653841495513916,12.177070617675781,2452.302734375
152,3.8654844760894775,1e-05,0.06642508506774902,12.249855279922485,2452.302734375
153,4.652785062789917,1e-05,0.06481289863586426,12.321146249771118,2452.302734375
154,4.826201438903809,1e-05,0.06580114364624023,12.39358401298523,2452.302734375
155,3.541111707687378,1e-05,0.06479382514953613,12.464664459228516,2452.302734375
156,3.7926268577575684,1e-05,0.06492161750793457,12.536295413970947,2452.302734375
157,3.9228267669677734,1e-05,0.06572699546813965,12.60851240158081,2452.302734375
158,0.37188269197940826,1e-05,0.0687868595123291,12.68333911895752,2452.302734375
159,4.645400285720825,1e-05,0.06559348106384277,12.75535249710083,2452.302734375
160,4.383448362350464,1e-05,0.06577682495117188,12.827404737472534,2452.302734375
161,5.0031232833862305,1e-05,0.06589627265930176,12.899518966674805,2452.302734375
162,3.7675410509109497,1e-05,0.0666048526763916,12.972315073013306,2452.302734375
163,4.060726642608643,1e-05,0.06541657447814941,13.04403018951416,2452.302734375
164,4.557270765304565,1e-05,0.06588268280029297,13.116414785385132,2452.302734375
165,4.13223934173584,1e-05,0.0656583309173584,13.188369750976562,2452.302734375
166,2.9159151315689087,1e-05,0.06544756889343262,13.26006817817688,2452.302734375
167,5.2377777099609375,1e-05,0.06527471542358398,13.331995248794556,2452.302734375
168,4.3703625202178955,1e-05,0.06517291069030762,13.403465747833252,2452.302734375
169,4.202091455459595,1e-05,0.0643768310546875,13.474335432052612,2452.302734375
170,3.709571123123169,1e-05,0.06418561935424805,13.544750213623047,2452.302734375
171,4.781371116638184,1e-05,0.06452178955078125,13.615307331085205,2452.302734375
172,3.50226092338562,1e-05,0.0657510757446289,13.687419414520264,2452.302734375
173,5.044092893600464,1e-05,0.06520533561706543,13.758880138397217,2452.302734375
174,4.426853179931641,1e-05,0.06574201583862305,13.830887794494629,2452.302734375
175,4.779666185379028,1e-05,0.06675863265991211,13.903554439544678,2452.302734375
176,4.438806772232056,1e-05,0.06499719619750977,13.974855899810791,2452.302734375
177,4.248226284980774,1e-05,0.0649271011352539,14.045782804489136,2452.302734375
178,5.948394536972046,1e-05,0.06583595275878906,14.117221355438232,2452.302734375
179,7.742132902145386,1e-05,0.0692446231842041,14.192249536514282,2452.302734375
180,7.737632513046265,1e-05,0.06764698028564453,14.265986680984497,2452.302734375
181,8.20015287399292,1e-05,0.06768512725830078,14.339761734008789,2452.302734375
182,8.164128541946411,1e-05,0.06818246841430664,14.413842916488647,2452.302734375
183,10.993379592895508,1e-05,0.06551122665405273,14.48526406288147,2452.302734375
184,12.399401187896729,1e-05,0.06530046463012695,14.556586503982544,2452.302734375
185,14.22527027130127,1e-05,0.0646066665649414,14.627423763275146,2452.302734375
186,15.423094749450684,1e-05,0.06500244140625,14.698617696762085,2452.302734375
187,14.867177963256836,1e-05,0.06496787071228027,14.769713401794434,2452.302734375
188,15.322092533111572,1e-05,0.0653371810913086,14.841287851333618,2452.302734375
189,14.8177170753479,1e-05,0.0652153491973877,14.912713289260864,2452.302734375
190,15.32695722579956,1e-05,0.06630969047546387,14.985366821289062,2452.302734375
191,15.087852954864502,1e-05,0.06447815895080566,15.056026935577393,2452.302734375
192,15.364208221435547,1e-05,0.06564664840698242,15.127777814865112,2452.302734375
193,16.17570209503174,1e-05,0.06528806686401367,15.199239253997803,2452.302734375
194,16.478256702423096,1e-05,0.06567549705505371,15.271263599395752,2452.302734375
195,16.465797901153564,1e-05,0.06530117988586426,15.342698097229004,2452.302734375
196,19.716052055358887,1e-05,0.0648186206817627,15.413563013076782,2452.302734375
197,18.025553703308105,1e-05,0.06459736824035645,15.484274625778198,2452.302734375
198,20.008127212524414,1e-05,0.06545090675354004,15.556086540222168,2452.302734375
199,19.799336433410645,1e-05,0.06510710716247559,15.627580165863037,2452.302734375
200,19.584620475769043,1e-05,0.06782293319702148,15.701456069946289,2452.302734375
201,19.726590156555176,1e-05,0.06694984436035156,15.774382829666138,2452.302734375
202,19.43807601928711,1e-05,0.06823992729187012,15.848719596862793,2452.302734375
203,19.220748901367188,1e-05,0.0693354606628418,15.923774480819702,2452.302734375
204,19.19148063659668,1e-05,0.06546711921691895,15.995208740234375,2452.302734375
205,19.103449821472168,1e-05,0.06479907035827637,16.06640386581421,2452.302734375
206,19.44917106628418,1e-05,0.06664180755615234,16.13919758796692,2452.302734375
207,19.62124729156494,1e-05,0.06560802459716797,16.211162328720093,2452.302734375
208,19.372461318969727,1e-05,0.06473731994628906,16.28196907043457,2452.302734375
209,19.410581588745117,1e-05,0.0654761791229248,16.353414297103882,2452.302734375
210,19.796298027038574,1e-05,0.06524109840393066,16.425243616104126,2452.302734375
211,20.134122848510742,1e-05,0.0645296573638916,16.496007919311523,2452.302734375
212,19.48588752746582,1e-05,0.06588935852050781,16.568313598632812,2452.302734375
213,20.575095176696777,1e-05,0.06533336639404297,16.639954566955566,2452.302734375
214,21.274706840515137,1e-05,0.06586623191833496,16.712572813034058,2452.302734375
215,21.18301010131836,1e-05,0.06497788429260254,16.783963680267334,2452.302734375
216,21.166887283325195,1e-05,0.06548547744750977,16.85618495941162,2452.302734375
217,20.90209197998047,1e-05,0.065399169921875,16.92831254005432,2452.302734375
218,21.47713279724121,1e-05,0.06586360931396484,17.00059986114502,2452.302734375
219,20.928589820861816,1e-05,0.06640386581420898,17.073588848114014,2452.302734375
220,20.287662506103516,1e-05,0.06502366065979004,17.145188093185425,2452.302734375
221,24.038570404052734,1e-05,0.06597042083740234,17.217697620391846,2452.302734375
222,24.515576362609863,1e-05,0.06647968292236328,17.290460109710693,2452.302734375
223,24.760991096496582,1e-05,0.06474542617797852,17.361405849456787,2452.302734375
224,24.37837028503418,1e-05,0.06547880172729492,17.433380365371704,2452.302734375
225,24.809024810791016,1e-05,0.06539726257324219,17.505359888076782,2452.302734375
226,25.125646591186523,1e-05,0.06472921371459961,17.576477527618408,2452.302734375
227,24.90779685974121,1e-05,0.06474494934082031,17.647836208343506,2452.302734375
228,25.799903869628906,1e-05,0.06785297393798828,17.722240209579468,2452.302734375
229,24.622224807739258,1e-05,0.06907939910888672,17.796621084213257,2452.302734375
230,25.480725288391113,1e-05,0.06855058670043945,17.87063694000244,2452.302734375
231,24.463669776916504,1e-05,0.06554746627807617,17.94214630126953,2452.302734375
232,25.2161226272583,1e-05,0.06567168235778809,18.014291286468506,2452.302734375
233,26.566147804260254,1e-05,0.06494903564453125,18.085785150527954,2452.302734375
234,24.827064514160156,1e-05,0.06512212753295898,18.15726399421692,2452.302734375
235,25.954594612121582,1e-05,0.06590795516967773,18.229561805725098,2452.302734375
236,25.986783027648926,1e-05,0.06533336639404297,18.30093765258789,2452.302734375
237,26.68978786468506,1e-05,0.0647730827331543,18.372028350830078,2452.302734375
238,26.322288513183594,1e-05,0.06539750099182129,18.44346594810486,2452.302734375
239,25.29963970184326,1e-05,0.06561565399169922,18.51559019088745,2452.302734375
240,26.56283473968506,1e-05,0.06527447700500488,18.586961030960083,2452.302734375
241,26.11967182159424,1e-05,0.06475043296813965,18.65826964378357,2452.302734375
242,27.208516120910645,1e-05,0.06616067886352539,18.730539798736572,2452.302734375
243,26.632319450378418,1e-05,0.06574106216430664,18.802774667739868,2452.302734375
244,26.613697052001953,1e-05,0.06586313247680664,18.8747718334198,2452.302734375
245,26.403475761413574,1e-05,0.06501626968383789,18.946019649505615,2452.302734375
246,25.807467460632324,1e-05,0.06548261642456055,19.017915964126587,2452.302734375
247,27.386735916137695,1e-05,0.06540918350219727,19.0896999835968,2452.302734375
248,27.28447151184082,1e-05,0.07094001770019531,19.166608095169067,2452.302734375
249,27.355286598205566,1e-05,0.06596016883850098,19.238523483276367,2452.302734375
250,26.951266288757324,1e-05,0.06516075134277344,19.30999231338501,2452.302734375
251,27.582550048828125,1e-05,0.06498932838439941,19.38117265701294,2452.302734375
252,26.833375930786133,1e-05,0.06627511978149414,19.45371103286743,2452.302734375
253,27.870511054992676,1e-05,0.06505870819091797,19.52499556541443,2452.302734375
254,27.742782592773438,1e-05,0.06580948829650879,19.597275972366333,2452.302734375
255,27.455100059509277,1e-05,0.06782722473144531,19.67129349708557,2452.302734375
256,27.115601539611816,1e-05,0.06746578216552734,19.74456262588501,2452.302734375
257,27.971384048461914,1e-05,0.0679318904876709,19.818562746047974,2452.302734375
258,27.627022743225098,1e-05,0.06844019889831543,19.893086433410645,2452.302734375
259,27.738207817077637,1e-05,0.0654139518737793,19.96446180343628,2452.302734375
260,28.000959396362305,1e-05,0.0651707649230957,20.035897970199585,2452.302734375
261,27.58031177520752,1e-05,0.06497359275817871,20.107269525527954,2452.302734375
262,28.328404426574707,1e-05,0.06618404388427734,20.179665088653564,2452.302734375
263,28.053872108459473,1e-05,0.06528162956237793,20.25121569633484,2452.302734375
264,27.186582565307617,1e-05,0.06482505798339844,20.32235312461853,2452.302734375
265,28.336618423461914,1e-05,0.06456804275512695,20.393086671829224,2452.302734375
266,28.440760612487793,1e-05,0.06527304649353027,20.464389324188232,2452.302734375
267,28.18020534515381,1e-05,0.06734490394592285,20.53803253173828,2452.302734375
268,28.91173553466797,1e-05,0.11234712600708008,20.656606674194336,2452.302734375
269,28.616639137268066,1e-05,0.07057785987854004,20.731462001800537,2452.302734375
270,28.935117721557617,1e-05,0.0677955150604248,20.805095434188843,2452.302734375
271,28.746126174926758,1e-05,0.06770110130310059,20.878692865371704,2452.302734375
272,28.685904502868652,1e-05,0.06734132766723633,20.95212435722351,2452.302734375
273,28.822270393371582,1e-05,0.0652933120727539,21.023446559906006,2452.302734375
274,29.108864784240723,1e-05,0.0847940444946289,21.115268230438232,2452.302734375
275,28.9764986038208,1e-05,0.09059333801269531,21.20660424232483,2452.302734375
276,28.637420654296875,1e-05,0.06647944450378418,21.27901816368103,2452.302734375
277,28.82743549346924,1e-05,0.06607556343078613,21.351444005966187,2452.302734375
278,29.33085060119629,1e-05,0.06681561470031738,21.424331665039062,2452.302734375
279,29.156587600708008,1e-05,0.06600332260131836,21.4964382648468,2452.302734375
280,29.182021141052246,1e-05,0.06580686569213867,21.56847357749939,2452.302734375
281,29.613880157470703,1e-05,0.06545209884643555,21.63993740081787,2452.302734375
282,29.494783401489258,1e-05,0.0676577091217041,21.71381425857544,2452.302734375
283,29.014784812927246,1e-05,0.06685376167297363,21.786757469177246,2452.302734375
284,28.736366271972656,1e-05,0.0669853687286377,21.859736919403076,2452.302734375
285,29.371066093444824,1e-05,0.06652569770812988,21.932723999023438,2452.302734375
286,29.4843168258667,1e-05,0.06597447395324707,22.004640102386475,2452.302734375
287,29.1758394241333,1e-05,0.0664975643157959,22.0774507522583,2452.302734375
288,29.06837558746338,1e-05,0.06564593315124512,22.14955759048462,2452.302734375
289,29.585204124450684,1e-05,0.0666511058807373,22.222482681274414,2452.302734375
290,29.249079704284668,1e-05,0.06634283065795898,22.294928789138794,2452.302734375
291,29.608012199401855,1e-05,0.09241008758544922,22.393670082092285,2452.302734375
292,29.52991771697998,1e-05,0.06587362289428711,22.465084552764893,2452.302734375
293,29.717714309692383,1e-05,0.06561136245727539,22.537038564682007,2452.302734375
294,30.65082550048828,1e-05,0.06449532508850098,22.60760807991028,2452.302734375
295,30.708560943603516,1e-05,0.06470108032226562,22.67844843864441,2452.302734375
296,30.92079448699951,1e-05,0.0649726390838623,22.74962878227234,2452.302734375
297,31.21556282043457,1e-05,0.06594324111938477,22.82186985015869,2452.302734375
298,30.144290924072266,1e-05,0.06463742256164551,22.89258098602295,2452.302734375
299,30.455819129943848,1e-05,0.06496119499206543,22.964110851287842,2452.302734375
300,31.21994113922119,1e-05,0.06482601165771484,23.035305500030518,2452.302734375
301,31.19752311706543,1e-05,0.06580781936645508,23.107643604278564,2452.302734375
302,30.876980781555176,1e-05,0.06869339942932129,23.18265700340271,2452.302734375
303,31.168065071105957,1e-05,0.07208943367004395,23.260576009750366,2452.302734375
304,31.237146377563477,1e-05,0.06560873985290527,23.331669569015503,2452.302734375
305,30.906206130981445,1e-05,0.06502532958984375,23.402931451797485,2452.302734375
306,30.699286460876465,1e-05,0.0647585391998291,23.47396755218506,2452.302734375
307,31.134521484375,1e-05,0.06490969657897949,23.545081615447998,2452.302734375
308,30.815970420837402,1e-05,0.06490159034729004,23.616331815719604,2452.302734375
309,30.878121376037598,1e-05,0.06465673446655273,23.687371253967285,2452.302734375
310,31.28505516052246,1e-05,0.06559014320373535,23.75933575630188,2452.302734375
311,31.30625820159912,1e-05,0.06594157218933105,23.831496238708496,2452.302734375
312,31.70838165283203,1e-05,0.06646561622619629,23.904066562652588,2452.302734375
313,31.047812461853027,1e-05,0.06477737426757812,23.97494387626648,2452.302734375
314,31.30524444580078,1e-05,0.06493949890136719,24.045941829681396,2452.302734375
315,31.45316791534424,1e-05,0.06576180458068848,24.118104696273804,2452.302734375
316,31.713963508605957,1e-05,0.06641769409179688,24.190587997436523,2452.302734375
317,31.486027717590332,1e-05,0.06538009643554688,24.262148141860962,2452.302734375
318,32.12828826904297,1e-05,0.06559586524963379,24.334546327590942,2452.302734375
319,31.822392463684082,1e-05,0.06663203239440918,24.40761971473694,2452.302734375
320,32.11372947692871,1e-05,0.06503915786743164,24.479248762130737,2452.302734375
321,31.839313507080078,1e-05,0.06555891036987305,24.5516574382782,2452.302734375
322,31.67257022857666,1e-05,0.06612467765808105,24.62413501739502,2452.302734375
323,31.96316623687744,1e-05,0.06545066833496094,24.69631314277649,2452.302734375
324,32.5390682220459,1e-05,0.06491923332214355,24.767842769622803,2452.302734375
325,32.55087471008301,1e-05,0.06560039520263672,24.839953660964966,2452.302734375
326,32.82846450805664,1e-05,0.0652015209197998,24.911864280700684,2452.302734375
327,32.16350746154785,1e-05,0.06530070304870605,24.983726024627686,2452.302734375
328,32.69012641906738,1e-05,0.06529569625854492,25.055290937423706,2452.302734375
329,32.18062400817871,1e-05,0.06798291206359863,25.129857063293457,2452.302734375
330,32.624855041503906,1e-05,0.06786990165710449,25.203728437423706,2452.302734375
331,33.0153865814209,1e-05,0.06864404678344727,25.2783682346344,2452.302734375
332,32.43467712402344,1e-05,0.06851720809936523,25.353065252304077,2452.302734375
333,32.327829360961914,1e-05,0.06658720970153809,25.42566180229187,2452.302734375
334,32.68687057495117,1e-05,0.06538224220275879,25.49739384651184,2452.302734375
335,33.15797996520996,1e-05,0.06580495834350586,25.56951665878296,2452.302734375
336,32.784894943237305,1e-05,0.06930279731750488,25.64484977722168,2452.302734375
337,32.960317611694336,1e-05,0.06628656387329102,25.717295169830322,2452.302734375
338,33.1286506652832,1e-05,0.06771206855773926,25.791061639785767,2452.302734375
339,32.25375938415527,1e-05,0.0675668716430664,25.86468005180359,2452.302734375
340,32.58857727050781,1e-05,0.0673377513885498,25.937946557998657,2452.302734375
341,32.949567794799805,1e-05,0.06585025787353516,26.009873390197754,2452.302734375
342,32.40342903137207,1e-05,0.06615614891052246,26.08211612701416,2452.302734375
343,32.742557525634766,1e-05,0.07036685943603516,26.158968925476074,2452.302734375
344,33.434438705444336,1e-05,0.06649947166442871,26.231523513793945,2452.302734375
345,33.5225715637207,1e-05,0.06446695327758789,26.30212712287903,2452.302734375
346,33.75181007385254,1e-05,0.06512570381164551,26.37348222732544,2452.302734375
347,33.59695053100586,1e-05,0.06508278846740723,26.44510245323181,2452.302734375
348,33.97048759460449,1e-05,0.06505918502807617,26.51627540588379,2452.302734375
349,33.56563758850098,1e-05,0.06542038917541504,26.58794856071472,2452.302734375
350,33.0550479888916,1e-05,0.0654304027557373,26.65957736968994,2452.302734375
351,33.74066925048828,1e-05,0.06543922424316406,26.731379747390747,2452.302734375
352,33.638864517211914,1e-05,0.06666231155395508,26.8043794631958,2452.302734375
353,33.13600540161133,1e-05,0.06515908241271973,26.875669956207275,2452.302734375
354,33.63367462158203,1e-05,0.06524991989135742,26.94736957550049,2452.302734375
355,33.39388847351074,1e-05,0.06525421142578125,27.018784284591675,2452.302734375
356,33.69540023803711,1e-05,0.0655362606048584,27.090365648269653,2452.302734375
357,33.40200996398926,1e-05,0.06488490104675293,27.16175150871277,2452.302734375
358,33.61544227600098,1e-05,0.06594133377075195,27.234097003936768,2452.302734375
359,33.68775177001953,1e-05,0.06592845916748047,27.306038856506348,2452.302734375
360,33.701372146606445,1e-05,0.06451845169067383,27.377018213272095,2452.302734375
361,34.07388496398926,1e-05,0.06439471244812012,27.44796633720398,2452.302734375
362,33.79337692260742,1e-05,0.06623721122741699,27.52057981491089,2452.302734375
363,34.34608459472656,1e-05,0.0645895004272461,27.591321229934692,2452.302734375
364,34.301414489746094,1e-05,0.06512188911437988,27.662971019744873,2452.302734375
365,34.606292724609375,1e-05,0.0649869441986084,27.73420763015747,2452.302734375
366,35.14911079406738,1e-05,0.06586337089538574,27.806261777877808,2452.302734375
367,35.073734283447266,1e-05,0.06977605819702148,27.88193678855896,2452.302734375
368,34.4401912689209,1e-05,0.06875920295715332,27.95663547515869,2452.302734375
369,34.29890823364258,1e-05,0.06647372245788574,28.029103755950928,2452.302734375
370,35.18491172790527,1e-05,0.06507062911987305,28.100205421447754,2452.302734375
371,35.12562561035156,1e-05,0.06507182121276855,28.171501636505127,2452.302734375
372,34.80672836303711,1e-05,0.06667876243591309,28.244328260421753,2452.302734375
373,34.74227333068848,1e-05,0.06625890731811523,28.31684923171997,2452.302734375
374,34.70596122741699,1e-05,0.06566834449768066,28.389142990112305,2452.302734375
375,34.33358955383301,1e-05,0.06530642509460449,28.460978269577026,2452.302734375
376,34.70754051208496,1e-05,0.06555819511413574,28.533560514450073,2452.302734375
377,34.91470909118652,1e-05,0.0648045539855957,28.604919910430908,2452.302734375
378,35.16789436340332,1e-05,0.06429123878479004,28.67582058906555,2452.302734375
379,34.87943077087402,1e-05,0.06543612480163574,28.74820590019226,2452.302734375
380,35.08242607116699,1e-05,0.06595873832702637,28.820634126663208,2452.302734375
381,35.02251625061035,1e-05,0.06962347030639648,28.897034645080566,2452.302734375
382,34.477975845336914,1e-05,0.06659555435180664,28.969839334487915,2452.302734375
383,34.70384216308594,1e-05,0.06556344032287598,29.041677236557007,2452.302734375
384,34.50853157043457,1e-05,0.06511807441711426,29.113396406173706,2452.302734375
385,35.189985275268555,1e-05,0.0659031867980957,29.18567728996277,2452.302734375
386,35.646934509277344,1e-05,0.06589460372924805,29.25774884223938,2452.302734375
387,34.77036094665527,1e-05,0.0657200813293457,29.329997777938843,2452.302734375
388,34.71232795715332,1e-05,0.06520795822143555,29.401719570159912,2452.302734375
389,35.304216384887695,1e-05,0.06542229652404785,29.47370457649231,2452.302734375
390,34.707462310791016,1e-05,0.06534814834594727,29.545503854751587,2452.302734375
391,35.15523719787598,1e-05,0.06604623794555664,29.618255376815796,2452.302734375
392,34.83883857727051,1e-05,0.06593441963195801,29.69032907485962,2452.302734375
393,35.53424644470215,1e-05,0.0654296875,29.76223874092102,2452.302734375
394,35.37740516662598,1e-05,0.06585574150085449,29.834218978881836,2452.302734375
395,35.22570610046387,1e-05,0.064849853515625,29.905354261398315,2452.302734375
396,35.9360408782959,1e-05,0.0651097297668457,29.976795434951782,2452.302734375
397,35.13209342956543,1e-05,0.0646820068359375,30.047858953475952,2452.302734375
398,35.75929069519043,1e-05,0.06522130966186523,30.119537115097046,2452.302734375
399,35.61851501464844,1e-05,0.06579303741455078,30.191285848617554,2452.302734375
400,35.55495071411133,1e-05,0.06592202186584473,30.263335466384888,2452.302734375
401,35.134023666381836,1e-05,0.06493759155273438,30.334348678588867,2452.302734375
402,35.36678123474121,1e-05,0.06604743003845215,30.40662717819214,2452.302734375
403,35.49382019042969,1e-05,0.06558632850646973,30.478464365005493,2452.302734375
404,35.71053504943848,1e-05,0.06618618965148926,30.551055908203125,2452.302734375
405,35.96278762817383,1e-05,0.06605887413024902,30.62306785583496,2452.302734375
406,36.27939987182617,1e-05,0.06743407249450684,30.69647192955017,2452.302734375
407,35.61991310119629,1e-05,0.06880354881286621,30.77160096168518,2452.302734375
408,35.658267974853516,1e-05,0.06927680969238281,30.84677219390869,2452.302734375
409,36.19513702392578,1e-05,0.06790637969970703,30.920483827590942,2452.302734375
410,36.046024322509766,1e-05,0.06629347801208496,30.992823123931885,2452.302734375
411,35.979557037353516,1e-05,0.06491494178771973,31.06419610977173,2452.302734375
412,35.8830451965332,1e-05,0.06824469566345215,31.138561010360718,2452.302734375
413,35.990230560302734,1e-05,0.06546473503112793,31.210054397583008,2452.302734375
414,36.245567321777344,1e-05,0.06557202339172363,31.281834840774536,2452.302734375
415,36.37521171569824,1e-05,0.06524157524108887,31.35321879386902,2452.302734375
416,36.62069129943848,1e-05,0.06481146812438965,31.424407958984375,2452.302734375
417,36.64649772644043,1e-05,0.06477069854736328,31.495452880859375,2452.302734375
418,36.06357955932617,1e-05,0.0653831958770752,31.567039251327515,2452.302734375
419,36.08848571777344,1e-05,0.06522297859191895,31.638566732406616,2452.302734375
420,36.23745918273926,1e-05,0.06604552268981934,31.710937023162842,2452.302734375
421,36.88369369506836,1e-05,0.0655982494354248,31.78268575668335,2452.302734375
422,36.44640350341797,1e-05,0.06607294082641602,31.855265617370605,2452.302734375
423,37.05805778503418,1e-05,0.06491541862487793,31.92645764350891,2452.302734375
424,36.89397048950195,1e-05,0.06472992897033691,31.99740219116211,2452.302734375
425,36.928823471069336,1e-05,0.06500029563903809,32.068727254867554,2452.302734375
426,36.952354431152344,1e-05,0.06841230392456055,32.143218994140625,2452.302734375
427,37.25693893432617,1e-05,0.06597661972045898,32.215123414993286,2452.302734375
428,37.51056098937988,1e-05,0.06540274620056152,32.28719997406006,2452.302734375
429,36.84235191345215,1e-05,0.0651853084564209,32.35923457145691,2452.302734375
430,38.07054138183594,1e-05,0.0652017593383789,32.431336879730225,2452.302734375
431,37.15628242492676,1e-05,0.06542491912841797,32.50364136695862,2452.302734375
432,36.36883735656738,1e-05,0.06674551963806152,32.576831579208374,2452.302734375
433,37.32131767272949,1e-05,0.06565475463867188,32.64881157875061,2452.302734375
434,38.155921936035156,1e-05,0.06537127494812012,32.720837354660034,2452.302734375
435,37.36596488952637,1e-05,0.06543231010437012,32.79272723197937,2452.302734375
436,37.312782287597656,1e-05,0.06587028503417969,32.86501359939575,2452.302734375
437,37.620635986328125,1e-05,0.06510400772094727,32.93667507171631,2452.302734375
438,37.79850387573242,1e-05,0.06538748741149902,33.0087788105011,2452.302734375
439,37.95767593383789,1e-05,0.06517553329467773,33.08065724372864,2452.302734375
440,38.09474182128906,1e-05,0.06496787071228027,33.15224242210388,2452.302734375
441,39.11374473571777,1e-05,0.06561779975891113,33.22456741333008,2452.302734375
442,38.960777282714844,1e-05,0.06639313697814941,33.29726696014404,2452.302734375
443,37.87588691711426,1e-05,0.06595373153686523,33.36968970298767,2452.302734375
444,38.78409957885742,1e-05,0.06474852561950684,33.44056749343872,2452.302734375
445,37.784502029418945,1e-05,0.06507682800292969,33.51203894615173,2452.302734375
446,37.890249252319336,1e-05,0.06493473052978516,33.583399295806885,2452.302734375
447,38.0915641784668,1e-05,0.06454634666442871,33.654335498809814,2452.302734375
448,38.534414291381836,1e-05,0.0651540756225586,33.72608423233032,2452.302734375
449,38.690975189208984,1e-05,0.06592369079589844,33.79845452308655,2452.302734375
450,37.432586669921875,1e-05,0.06614422798156738,33.87092638015747,2452.302734375
451,38.1734733581543,1e-05,0.06499171257019043,33.94241786003113,2452.302734375
452,38.60891151428223,1e-05,0.06585454940795898,34.01438355445862,2452.302734375
453,38.88606071472168,1e-05,0.06507062911987305,34.086013317108154,2452.302734375
454,38.49833869934082,1e-05,0.06572723388671875,34.15780019760132,2452.302734375
455,38.71770095825195,1e-05,0.06573367118835449,34.2301607131958,2452.302734375
456,39.09001922607422,1e-05,0.0652151107788086,34.301435708999634,2452.302734375
457,39.51961326599121,1e-05,0.0647125244140625,34.372467279434204,2452.302734375
458,39.46860313415527,1e-05,0.0651085376739502,34.44400238990784,2452.302734375
459,39.35479736328125,1e-05,0.06483936309814453,34.51518368721008,2452.302734375
460,39.70229530334473,1e-05,0.06591176986694336,34.58737659454346,2452.302734375
461,39.336252212524414,1e-05,0.06496071815490723,34.658448457717896,2452.302734375
462,39.53299903869629,1e-05,0.06612873077392578,34.730809450149536,2452.302734375
463,39.68025207519531,1e-05,0.06535863876342773,34.80226421356201,2452.302734375
464,40.19401550292969,1e-05,0.06749296188354492,34.876086711883545,2452.302734375
465,40.218061447143555,1e-05,0.06586670875549316,34.947890520095825,2452.302734375
466,40.11316680908203,1e-05,0.06444215774536133,35.018763303756714,2452.302734375
467,40.47262763977051,1e-05,0.0652616024017334,35.09052324295044,2452.302734375
468,40.27761459350586,1e-05,0.06516861915588379,35.16211152076721,2452.302734375
469,40.44397735595703,1e-05,0.06537008285522461,35.23389220237732,2452.302734375
470,40.80118942260742,1e-05,0.06606435775756836,35.306072473526,2452.302734375
471,41.841148376464844,1e-05,0.06822323799133301,35.380358934402466,2452.302734375
472,40.589927673339844,1e-05,0.06720638275146484,35.45277237892151,2452.302734375
473,40.39302444458008,1e-05,0.06554484367370605,35.52476477622986,2452.302734375
474,40.93151092529297,1e-05,0.0647125244140625,35.59549927711487,2452.302734375
475,40.78181838989258,1e-05,0.06480836868286133,35.6667959690094,2452.302734375
476,40.15217590332031,1e-05,0.06551861763000488,35.738725662231445,2452.302734375
477,41.66816711425781,1e-05,0.06851434707641602,35.813698053359985,2452.302734375
478,41.53036308288574,1e-05,0.0678415298461914,35.88783264160156,2452.302734375
479,41.2818660736084,1e-05,0.0676727294921875,35.96167206764221,2452.302734375
480,41.76543426513672,1e-05,0.06556415557861328,36.03346347808838,2452.302734375
481,41.84045219421387,1e-05,0.06773734092712402,36.10787320137024,2452.302734375
482,41.08938217163086,1e-05,0.0690622329711914,36.182891845703125,2452.302734375
483,41.554548263549805,1e-05,0.06856203079223633,36.25755047798157,2452.302734375
484,41.59290313720703,1e-05,0.06711816787719727,36.33072018623352,2452.302734375
485,40.83696174621582,1e-05,0.06500434875488281,36.40211272239685,2452.302734375
486,41.5123405456543,1e-05,0.06533169746398926,36.47398805618286,2452.302734375
487,42.104440689086914,1e-05,0.06601881980895996,36.54649066925049,2452.302734375
488,41.9559383392334,1e-05,0.06493115425109863,36.61744165420532,2452.302734375
489,42.83710289001465,1e-05,0.06497550010681152,36.689024448394775,2452.302734375
490,41.93833351135254,1e-05,0.06558465957641602,36.76109075546265,2452.302734375
491,43.11874771118164,1e-05,0.06569051742553711,36.832961082458496,2452.302734375
492,42.98431205749512,1e-05,0.0665898323059082,36.90581464767456,2452.302734375
493,42.6452522277832,1e-05,0.06508946418762207,36.97705578804016,2452.302734375
494,42.844120025634766,1e-05,0.06637787818908691,37.04994535446167,2452.302734375
495,43.116228103637695,1e-05,0.06574225425720215,37.12174081802368,2452.302734375
496,43.17578125,1e-05,0.06512260437011719,37.19306445121765,2452.302734375
497,43.17757797241211,1e-05,0.06585097312927246,37.265151023864746,2452.302734375
498,42.3951473236084,1e-05,0.06493759155273438,37.33633518218994,2452.302734375
499,43.02157974243164,1e-05,0.06467676162719727,37.40746712684631,2452.302734375
500,42.995967864990234,1e-05,0.06490230560302734,37.478739976882935,2452.302734375
501,43.68169975280762,1e-05,0.06533360481262207,37.55055594444275,2452.302734375
502,44.48061561584473,1e-05,0.06621646881103516,37.62286186218262,2452.302734375
503,43.9465217590332,1e-05,0.06479430198669434,37.693674087524414,2452.302734375
504,43.242496490478516,1e-05,0.0653836727142334,37.76559090614319,2452.302734375
505,43.48406791687012,1e-05,0.06597280502319336,37.838247299194336,2452.302734375
506,44.28898811340332,1e-05,0.06575369834899902,37.91057538986206,2452.302734375
507,43.5006160736084,1e-05,0.06695103645324707,37.984312295913696,2452.302734375
508,43.37673759460449,1e-05,0.06988811492919922,38.05974864959717,2452.302734375
509,43.917076110839844,1e-05,0.06898283958435059,38.13439679145813,2452.302734375
510,43.19475746154785,1e-05,0.06609153747558594,38.20666241645813,2452.302734375
511,43.855356216430664,1e-05,0.06611347198486328,38.278908014297485,2452.302734375
512,44.194374084472656,1e-05,0.06658482551574707,38.352104902267456,2452.302734375
513,43.16850280761719,1e-05,0.06532907485961914,38.42396593093872,2452.302734375
514,44.7724723815918,1e-05,0.06473779678344727,38.49473261833191,2452.302734375
515,44.55426597595215,1e-05,0.0654306411743164,38.56661939620972,2452.302734375
516,44.55509376525879,1e-05,0.06927084922790527,38.64248514175415,2452.302734375
517,44.67295455932617,1e-05,0.06527113914489746,38.7137930393219,2452.302734375
518,44.60163688659668,1e-05,0.0649416446685791,38.785359382629395,2452.302734375
519,45.013235092163086,1e-05,0.06559610366821289,38.85730004310608,2452.302734375
520,43.885942459106445,1e-05,0.06490397453308105,38.92831635475159,2452.302734375
521,44.321529388427734,1e-05,0.0655515193939209,39.00042653083801,2452.302734375
522,44.58362579345703,1e-05,0.06654143333435059,39.07303595542908,2452.302734375
523,45.17828369140625,1e-05,0.0655815601348877,39.14500093460083,2452.302734375
524,46.105262756347656,1e-05,0.06562972068786621,39.21705102920532,2452.302734375
525,45.057600021362305,1e-05,0.06670308113098145,39.28997445106506,2452.302734375
526,45.283721923828125,1e-05,0.06580424308776855,39.36235046386719,2452.302734375
527,44.47189903259277,1e-05,0.06443428993225098,39.43290162086487,2452.302734375
528,46.17414093017578,1e-05,0.06520819664001465,39.50454568862915,2452.302734375
529,46.07392501831055,1e-05,0.06506013870239258,39.5758638381958,2452.302734375
530,46.05318260192871,1e-05,0.06546425819396973,39.64790892601013,2452.302734375
531,46.261592864990234,1e-05,0.06483817100524902,39.719146966934204,2452.302734375
532,46.68384552001953,1e-05,0.06649255752563477,39.79203772544861,2452.302734375
533,46.38610649108887,1e-05,0.06569814682006836,39.86409568786621,2452.302734375
534,46.58230018615723,1e-05,0.06466341018676758,39.93498969078064,2452.302734375
535,46.39648246765137,1e-05,0.06438612937927246,40.005727767944336,2452.302734375
536,46.64996528625488,1e-05,0.06517696380615234,40.07724356651306,2452.302734375
537,46.72544479370117,1e-05,0.06664061546325684,40.15008807182312,2452.302734375
538,46.712276458740234,1e-05,0.06521201133728027,40.22171115875244,2452.302734375
539,46.20536231994629,1e-05,0.06595277786254883,40.29391431808472,2452.302734375
540,46.233102798461914,1e-05,0.08315539360046387,40.38393950462341,2452.302734375
541,46.959829330444336,1e-05,0.08440303802490234,40.46934270858765,2452.302734375
542,46.68737030029297,1e-05,0.06777000427246094,40.54233384132385,2452.302734375
543,46.983877182006836,1e-05,0.06672835350036621,40.61497712135315,2452.302734375
544,47.290199279785156,1e-05,0.06611895561218262,40.6879448890686,2452.302734375
545,46.414934158325195,1e-05,0.06646966934204102,40.761175870895386,2452.302734375
546,47.66168975830078,1e-05,0.06950068473815918,40.83701539039612,2452.302734375
547,46.981109619140625,1e-05,0.06876206398010254,40.91214203834534,2452.302734375
548,47.6584587097168,1e-05,0.06859254837036133,40.98708248138428,2452.302734375
549,46.83622741699219,1e-05,0.06763100624084473,41.06103587150574,2452.302734375
550,47.15419006347656,1e-05,0.0998084545135498,41.16680407524109,2452.302734375
551,47.44197463989258,1e-05,0.08876776695251465,41.260440826416016,2452.302734375
552,47.724016189575195,1e-05,0.06887125968933105,41.33545732498169,2452.302734375
553,47.12711715698242,1e-05,0.06676506996154785,41.40720748901367,2452.302734375
554,47.34062194824219,1e-05,0.08186793327331543,41.49583697319031,2452.302734375
555,48.44198799133301,1e-05,0.11067581176757812,41.60730457305908,2452.302734375
556,48.739418029785156,1e-05,0.06811380386352539,41.68006920814514,2452.302734375
557,48.43794631958008,1e-05,0.06736922264099121,41.75357961654663,2452.302734375
558,48.16478729248047,1e-05,0.06914830207824707,41.82875180244446,2452.302734375
559,48.95199775695801,1e-05,0.06734633445739746,41.901227712631226,2452.302734375
560,48.6505012512207,1e-05,0.06501436233520508,41.972273111343384,2452.302734375
561,48.91926383972168,1e-05,0.06496906280517578,42.04365873336792,2452.302734375
562,48.287113189697266,1e-05,0.06608462333679199,42.11576294898987,2452.302734375
563,48.654239654541016,1e-05,0.06527376174926758,42.18730545043945,2452.302734375
564,49.818803787231445,1e-05,0.06504583358764648,42.25864291191101,2452.302734375
565,48.51359176635742,1e-05,0.0656895637512207,42.33072090148926,2452.302734375
566,49.90459442138672,1e-05,0.06468534469604492,42.40148425102234,2452.302734375
567,49.878753662109375,1e-05,0.06436300277709961,42.472015380859375,2452.302734375
568,49.79787254333496,1e-05,0.06468677520751953,42.543133020401,2452.302734375
569,49.671295166015625,1e-05,0.06560707092285156,42.614967346191406,2452.302734375
570,48.511531829833984,1e-05,0.06439805030822754,42.68568801879883,2452.302734375
571,50.40594482421875,1e-05,0.06512093544006348,42.75732350349426,2452.302734375
572,49.57658386230469,1e-05,0.06744694709777832,42.83147644996643,2452.302734375
573,50.157615661621094,1e-05,0.06612348556518555,42.90434384346008,2452.302734375
574,50.453020095825195,1e-05,0.06542706489562988,42.97643041610718,2452.302734375
575,50.0080623626709,1e-05,0.0664973258972168,43.049663066864014,2452.302734375
576,51.415292739868164,1e-05,0.06577563285827637,43.12218928337097,2452.302734375
577,50.25986289978027,1e-05,0.06497383117675781,43.193374156951904,2452.302734375
578,50.36213684082031,1e-05,0.06505656242370605,43.264793395996094,2452.302734375
579,50.51296043395996,1e-05,0.06552505493164062,43.336878299713135,2452.302734375
580,50.76712226867676,1e-05,0.06447219848632812,43.40790796279907,2452.302734375
581,51.241342544555664,1e-05,0.06497764587402344,43.47948670387268,2452.302734375
582,49.83152198791504,1e-05,0.06651139259338379,43.55247640609741,2452.302734375
583,50.65379333496094,1e-05,0.06708765029907227,43.62589359283447,2452.302734375
584,51.04890251159668,1e-05,0.06748342514038086,43.699381828308105,2452.302734375
585,51.38614082336426,1e-05,0.06576895713806152,43.771074533462524,2452.302734375
586,51.30398368835449,1e-05,0.06557273864746094,43.84272074699402,2452.302734375
587,51.95994758605957,1e-05,0.06832289695739746,43.91745448112488,2452.302734375
588,51.12007522583008,1e-05,0.07140135765075684,43.99481725692749,2452.302734375
589,51.59521293640137,1e-05,0.06594014167785645,44.06667113304138,2452.302734375
590,51.429792404174805,1e-05,0.06634378433227539,44.13935875892639,2452.302734375
591,52.55000877380371,1e-05,0.06611466407775879,44.211427450180054,2452.302734375
592,52.20129585266113,1e-05,0.0668478012084961,44.28436040878296,2452.302734375
593,51.86248779296875,1e-05,0.06545591354370117,44.35589861869812,2452.302734375
594,52.0820198059082,1e-05,0.06470227241516113,44.42669320106506,2452.302734375
595,52.36085891723633,1e-05,0.0643606185913086,44.49717926979065,2452.302734375
596,50.930410385131836,1e-05,0.06505441665649414,44.56848073005676,2452.302734375
597,51.17812538146973,1e-05,0.06515979766845703,44.640037298202515,2452.302734375
598,51.58607864379883,1e-05,0.065673828125,44.712013244628906,2452.302734375
599,52.44698143005371,1e-05,0.06642365455627441,44.784374713897705,2452.302734375
600,52.30424880981445,1e-05,0.06662321090698242,44.85729098320007,2452.302734375
601,52.10373115539551,1e-05,0.0689702033996582,44.93208456039429,2452.302734375
602,52.25743865966797,1e-05,0.06647944450378418,45.00487494468689,2452.302734375
603,51.75040626525879,1e-05,0.06603598594665527,45.077155113220215,2452.302734375
604,52.06726837158203,1e-05,0.06511092185974121,45.14829182624817,2452.302734375
605,52.45167922973633,1e-05,0.0652778148651123,45.21968054771423,2452.302734375
606,52.69459342956543,1e-05,0.06607961654663086,45.29202437400818,2452.302734375
607,53.15529251098633,1e-05,0.06643438339233398,45.36462640762329,2452.302734375
608,52.339460372924805,1e-05,0.0652933120727539,45.4359130859375,2452.302734375
609,51.454566955566406,1e-05,0.06517958641052246,45.5076117515564,2452.302734375
610,52.71900939941406,1e-05,0.06507205963134766,45.57885003089905,2452.302734375
611,53.16400718688965,1e-05,0.06582379341125488,45.65151524543762,2452.302734375
612,52.32971382141113,1e-05,0.06599926948547363,45.724127769470215,2452.302734375
613,53.71549606323242,1e-05,0.06589603424072266,45.79666209220886,2452.302734375
614,53.911495208740234,1e-05,0.06874299049377441,45.8716881275177,2452.302734375
615,53.262834548950195,1e-05,0.06760025024414062,45.945631980895996,2452.302734375
616,53.518341064453125,1e-05,0.06719541549682617,46.01890158653259,2452.302734375
617,54.96941947937012,1e-05,0.06600546836853027,46.09129738807678,2452.302734375
618,53.93765068054199,1e-05,0.09644269943237305,46.19419288635254,2452.302734375
619,54.17202186584473,1e-05,0.06780028343200684,46.26803660392761,2452.302734375
620,54.85807228088379,1e-05,0.09924435615539551,46.374123334884644,2452.302734375
621,53.643959045410156,1e-05,0.06994438171386719,46.444868087768555,2452.302734375
622,53.70737648010254,1e-05,0.06786465644836426,46.51895570755005,2452.302734375
623,53.42789649963379,1e-05,0.06816625595092773,46.593109130859375,2452.302734375
624,54.24047660827637,1e-05,0.06976699829101562,46.66752815246582,2452.302734375
625,53.61198806762695,1e-05,0.06854748725891113,46.74197554588318,2452.302734375
626,53.70656967163086,1e-05,0.06685042381286621,46.81476974487305,2452.302734375
627,54.47509002685547,1e-05,0.08208322525024414,46.903138637542725,2452.302734375
628,54.103816986083984,1e-05,0.06617856025695801,46.97551870346069,2452.302734375
629,54.621070861816406,1e-05,0.06615853309631348,47.04794478416443,2452.302734375
630,55.43876075744629,1e-05,0.06815600395202637,47.122493267059326,2452.302734375
631,54.8144588470459,1e-05,0.06880807876586914,47.197386503219604,2452.302734375
632,54.74068260192871,1e-05,0.07024145126342773,47.27342391014099,2452.302734375
633,55.149322509765625,1e-05,0.06929349899291992,47.348533630371094,2452.302734375
634,54.74687194824219,1e-05,0.06576991081237793,47.42063856124878,2452.302734375
635,54.60346794128418,1e-05,0.0647275447845459,47.49143958091736,2452.302734375
636,54.680179595947266,1e-05,0.06600642204284668,47.56372928619385,2452.302734375
637,55.85770606994629,1e-05,0.06551313400268555,47.635268211364746,2452.302734375
638,54.99434280395508,1e-05,0.06539702415466309,47.70718502998352,2452.302734375
639,55.83339881896973,1e-05,0.06516575813293457,47.778916358947754,2452.302734375
640,55.64271926879883,1e-05,0.06539702415466309,47.8507194519043,2452.302734375
641,55.840187072753906,1e-05,0.06642889976501465,47.923404693603516,2452.302734375
642,55.61844253540039,1e-05,0.0658104419708252,47.995436668395996,2452.302734375
643,56.01155471801758,1e-05,0.06533193588256836,48.067081689834595,2452.302734375
644,56.39436149597168,1e-05,0.07171130180358887,48.145132541656494,2452.302734375
645,56.235694885253906,1e-05,0.06938695907592773,48.22026538848877,2452.302734375
646,56.39384078979492,1e-05,0.06593871116638184,48.29205322265625,2452.302734375
647,58.16633224487305,1e-05,0.06526541709899902,48.3638379573822,2452.302734375
648,56.93012619018555,1e-05,0.06562018394470215,48.4360613822937,2452.302734375
649,56.68174934387207,1e-05,0.06505250930786133,48.50753712654114,2452.302734375
650,56.939321517944336,1e-05,0.06856012344360352,48.58287763595581,2452.302734375
651,57.579689025878906,1e-05,0.06902170181274414,48.65761995315552,2452.302734375
652,56.530405044555664,1e-05,0.06721210479736328,48.73048496246338,2452.302734375
653,57.22990417480469,1e-05,0.06893110275268555,48.806177616119385,2452.302734375
654,56.53920555114746,1e-05,0.0693819522857666,48.881296157836914,2452.302734375
655,56.41416549682617,1e-05,0.06681275367736816,48.953911542892456,2452.302734375
656,57.078447341918945,1e-05,0.06682705879211426,49.02689051628113,2452.302734375
657,57.24151420593262,1e-05,0.06672096252441406,49.09963130950928,2452.302734375
658,56.90261650085449,1e-05,0.06746292114257812,49.172998905181885,2452.302734375
659,56.98249626159668,1e-05,0.06845331192016602,49.24773716926575,2452.302734375
660,56.72303771972656,1e-05,0.06636667251586914,49.31985116004944,2452.302734375
661,57.40588188171387,1e-05,0.06586074829101562,49.392082929611206,2452.302734375
662,56.55660057067871,1e-05,0.06722784042358398,49.46540403366089,2452.302734375
663,57.76713943481445,1e-05,0.06742191314697266,49.539145708084106,2452.302734375
664,57.561466217041016,1e-05,0.06759500503540039,49.61266803741455,2452.302734375
665,57.46520233154297,1e-05,0.06713986396789551,49.685842990875244,2452.302734375
666,56.68352127075195,1e-05,0.06674623489379883,49.758994579315186,2452.302734375
667,58.26930618286133,1e-05,0.06656146049499512,49.83158779144287,2452.302734375
668,57.77530288696289,1e-05,0.06691145896911621,49.90455079078674,2452.302734375
669,57.822914123535156,1e-05,0.06950068473815918,49.98058462142944,2452.302734375
670,57.00658416748047,1e-05,0.06774306297302246,50.053972244262695,2452.302734375
671,57.17731475830078,1e-05,0.06620383262634277,50.12630915641785,2452.302734375
672,57.52040672302246,1e-05,0.06681275367736816,50.199538469314575,2452.302734375
673,58.680030822753906,1e-05,0.0659017562866211,50.271570682525635,2452.302734375
674,58.348876953125,1e-05,0.0661466121673584,50.344019174575806,2452.302734375
675,57.30529022216797,1e-05,0.06526327133178711,50.41549587249756,2452.302734375
676,58.479366302490234,1e-05,0.06453633308410645,50.485963582992554,2452.302734375
677,58.08003234863281,1e-05,0.06750893592834473,50.56019878387451,2452.302734375
678,57.825286865234375,1e-05,0.08209085464477539,50.64850449562073,2452.302734375
679,58.551076889038086,1e-05,0.07338905334472656,50.72719073295593,2452.302734375
680,57.91834259033203,1e-05,0.07187056541442871,50.8050742149353,2452.302734375
681,59.017438888549805,1e-05,0.0695047378540039,50.88053822517395,2452.302734375
682,58.784101486206055,1e-05,0.10029411315917969,50.98665380477905,2452.302734375
683,59.128007888793945,1e-05,0.06787753105163574,51.0577232837677,2452.302734375
684,58.279462814331055,1e-05,0.09944987297058105,51.1632354259491,2452.302734375
685,60.061805725097656,1e-05,0.07708454132080078,51.241249799728394,2452.302734375
686,58.52348518371582,1e-05,0.07477688789367676,51.32117581367493,2452.302734375
687,58.96639060974121,1e-05,0.07580900192260742,51.40332317352295,2452.302734375
688,59.874267578125,1e-05,0.08895015716552734,51.49670362472534,2452.302734375
689,58.91401672363281,1e-05,0.08151483535766602,51.584232330322266,2452.302734375
690,58.796953201293945,1e-05,0.07114577293395996,51.66041398048401,2452.302734375
691,60.23952865600586,1e-05,0.06582808494567871,51.732173442840576,2452.302734375
692,59.85075569152832,1e-05,0.06844258308410645,51.806761503219604,2452.302734375
693,58.02696418762207,1e-05,0.06551337242126465,51.87843632698059,2452.302734375
694,60.40968704223633,1e-05,0.06540298461914062,51.94998741149902,2452.302734375
695,59.61923408508301,1e-05,0.06515192985534668,52.0217022895813,2452.302734375
696,58.96496772766113,1e-05,0.06457018852233887,52.092522859573364,2452.302734375
697,58.986202239990234,1e-05,0.06591796875,52.16502070426941,2452.302734375
698,58.742286682128906,1e-05,0.06720352172851562,52.23836946487427,2452.302734375
699,59.81813621520996,1e-05,0.06623029708862305,52.310612201690674,2452.302734375
700,60.904930114746094,1e-05,0.0653688907623291,52.38213491439819,2452.302734375
701,59.7973690032959,1e-05,0.06486725807189941,52.453469038009644,2452.302734375
702,59.55878448486328,1e-05,0.0662529468536377,52.52621603012085,2452.302734375
703,60.61307334899902,1e-05,0.06779003143310547,52.6001672744751,2452.302734375
704,59.04939651489258,1e-05,0.06815767288208008,52.67433261871338,2452.302734375
705,59.8761100769043,1e-05,0.06846141815185547,52.749091148376465,2452.302734375
706,60.651527404785156,1e-05,0.06758284568786621,52.8224561214447,2452.302734375
707,60.210588455200195,1e-05,0.06629753112792969,52.89487648010254,2452.302734375
708,60.50749397277832,1e-05,0.0650022029876709,52.965922832489014,2452.302734375
709,60.6166877746582,1e-05,0.06473636627197266,53.0370192527771,2452.302734375
710,60.553876876831055,1e-05,0.08634519577026367,53.12988233566284,2452.302734375
711,60.070594787597656,1e-05,0.06748461723327637,53.19941329956055,2452.302734375
712,59.93572425842285,1e-05,0.06830811500549316,53.27402138710022,2452.302734375
713,61.514474868774414,1e-05,0.06736993789672852,53.3472683429718,2452.302734375
714,60.712677001953125,1e-05,0.06613993644714355,53.41991186141968,2452.302734375
715,61.00754165649414,1e-05,0.06564664840698242,53.49162530899048,2452.302734375
716,60.470136642456055,1e-05,0.0664222240447998,53.56420850753784,2452.302734375
717,62.113502502441406,1e-05,0.0674276351928711,53.63778018951416,2452.302734375
718,61.70992469787598,1e-05,0.06797194480895996,53.7117280960083,2452.302734375
719,61.70762825012207,1e-05,0.06720805168151855,53.785377502441406,2452.302734375
720,61.99501037597656,1e-05,0.06740069389343262,53.85930562019348,2452.302734375
721,61.73047065734863,1e-05,0.06735682487487793,53.93203854560852,2452.302734375
722,62.54088020324707,1e-05,0.06756234169006348,54.00621438026428,2452.302734375
723,62.97635841369629,1e-05,0.0668039321899414,54.07913780212402,2452.302734375
724,62.79777145385742,1e-05,0.06740474700927734,54.152812480926514,2452.302734375
725,62.765573501586914,1e-05,0.06615328788757324,54.22506904602051,2452.302734375
726,63.65300750732422,1e-05,0.06586837768554688,54.297210454940796,2452.302734375
727,62.49600028991699,1e-05,0.06692862510681152,54.37026643753052,2452.302734375
728,63.67668533325195,1e-05,0.06633543968200684,54.44330883026123,2452.302734375
729,63.05995178222656,1e-05,0.0687098503112793,54.51855397224426,2452.302734375
730,64.3753433227539,1e-05,0.06818485260009766,54.59288811683655,2452.302734375
731,63.871700286865234,1e-05,0.07066512107849121,54.669776916503906,2452.302734375
732,63.045753479003906,1e-05,0.06809449195861816,54.74390912055969,2452.302734375
733,63.6872615814209,1e-05,0.07650971412658691,54.82773780822754,2452.302734375
734,63.21535873413086,1e-05,0.0816488265991211,54.91016125679016,2452.302734375
735,64.05395126342773,1e-05,0.06502342224121094,54.981637477874756,2452.302734375
736,63.53032112121582,1e-05,0.06473374366760254,55.05267572402954,2452.302734375
737,62.977121353149414,1e-05,0.06536006927490234,55.12432909011841,2452.302734375
738,64.60597610473633,1e-05,0.06499528884887695,55.19580078125,2452.302734375
739,64.68526458740234,1e-05,0.06542658805847168,55.26752829551697,2452.302734375
740,63.902584075927734,1e-05,0.06546974182128906,55.33949136734009,2452.302734375
741,65.24030685424805,1e-05,0.06586980819702148,55.41175436973572,2452.302734375
742,64.620361328125,1e-05,0.06723356246948242,55.48528456687927,2452.302734375
743,65.17320251464844,1e-05,0.0671083927154541,55.55865740776062,2452.302734375
744,64.826416015625,1e-05,0.0654757022857666,55.630247831344604,2452.302734375
745,64.64550399780273,1e-05,0.06472134590148926,55.70112729072571,2452.302734375
746,64.31737899780273,1e-05,0.0652611255645752,55.77270030975342,2452.302734375
747,64.71081924438477,1e-05,0.06706786155700684,55.84618306159973,2452.302734375
748,65.29911422729492,1e-05,0.07009124755859375,55.92238926887512,2452.302734375
749,64.98348999023438,1e-05,0.06786108016967773,55.9962375164032,2452.302734375
750,65.693603515625,1e-05,0.06787467002868652,56.07015681266785,2452.302734375
751,64.86279678344727,1e-05,0.068450927734375,56.14451813697815,2452.302734375
752,65.46628189086914,1e-05,0.06704974174499512,56.217557430267334,2452.302734375
753,64.17733192443848,1e-05,0.06580638885498047,56.2896089553833,2452.302734375
754,65.92481994628906,1e-05,0.06581950187683105,56.36188292503357,2452.302734375
755,65.28438186645508,1e-05,0.06541275978088379,56.43372678756714,2452.302734375
756,65.44771957397461,1e-05,0.06509804725646973,56.50503754615784,2452.302734375
757,66.72636795043945,1e-05,0.06558728218078613,56.57683825492859,2452.302734375
758,66.11491394042969,1e-05,0.06601691246032715,56.6492133140564,2452.302734375
759,65.95780944824219,1e-05,0.06513261795043945,56.72076916694641,2452.302734375
760,65.86945724487305,1e-05,0.06540107727050781,56.792577028274536,2452.302734375
761,65.51589965820312,1e-05,0.06562447547912598,56.86477851867676,2452.302734375
762,65.40816116333008,1e-05,0.0662534236907959,56.93744874000549,2452.302734375
763,65.37744140625,1e-05,0.07850384712219238,57.02249073982239,2452.302734375
764,64.92516326904297,1e-05,0.06802248954772949,57.092965602874756,2452.302734375
765,66.81586074829102,1e-05,0.06671595573425293,57.16600179672241,2452.302734375
766,66.63478469848633,1e-05,0.06595468521118164,57.23810291290283,2452.302734375
767,67.20916748046875,1e-05,0.06612896919250488,57.3102970123291,2452.302734375
768,65.64064025878906,1e-05,0.0661625862121582,57.38302040100098,2452.302734375
769,66.23620223999023,1e-05,0.06634902954101562,57.45588755607605,2452.302734375
770,65.7846794128418,1e-05,0.06731367111206055,57.529374837875366,2452.302734375
771,65.51024627685547,1e-05,0.06670331954956055,57.602084159851074,2452.302734375
772,67.24007415771484,1e-05,0.06775498390197754,57.676249742507935,2452.302734375
773,66.6115608215332,1e-05,0.06693553924560547,57.74932312965393,2452.302734375
774,68.03799819946289,1e-05,0.06642961502075195,57.82215595245361,2452.302734375
775,67.92947387695312,1e-05,0.0709381103515625,57.89915323257446,2452.302734375
776,67.1533432006836,1e-05,0.06696891784667969,57.971734046936035,2452.302734375
777,66.4805679321289,1e-05,0.06790781021118164,58.04592514038086,2452.302734375
778,66.8160400390625,1e-05,0.06824564933776855,58.12023043632507,2452.302734375
779,67.80864334106445,1e-05,0.06869173049926758,58.19482779502869,2452.302734375
780,68.56680679321289,1e-05,0.10194230079650879,58.30281400680542,2452.302734375
781,67.2574462890625,1e-05,0.06856322288513184,58.377171754837036,2452.302734375
782,67.43117141723633,1e-05,0.06648969650268555,58.45005464553833,2452.302734375
783,68.42770004272461,1e-05,0.0653688907623291,58.522202491760254,2452.302734375
784,67.56474685668945,1e-05,0.0661001205444336,58.59484028816223,2452.302734375
785,70.5694580078125,1e-05,0.06622529029846191,58.66742253303528,2452.302734375
786,68.63170623779297,1e-05,0.06638908386230469,58.740384101867676,2452.302734375
787,68.9087028503418,1e-05,0.0672919750213623,58.81384062767029,2452.302734375
788,68.89188003540039,1e-05,0.06602907180786133,58.88643479347229,2452.302734375
789,69.22743225097656,1e-05,0.06548571586608887,58.95813250541687,2452.302734375
790,69.11320114135742,1e-05,0.06543111801147461,59.030092000961304,2452.302734375
791,70.82569885253906,1e-05,0.0653996467590332,59.10189652442932,2452.302734375
792,69.5467643737793,1e-05,0.0670614242553711,59.1753146648407,2452.302734375
793,69.58620834350586,1e-05,0.06539702415466309,59.24685263633728,2452.302734375
794,69.33142852783203,1e-05,0.06591963768005371,59.31911611557007,2452.302734375
795,69.31843185424805,1e-05,0.06520652770996094,59.39063239097595,2452.302734375
796,69.79398727416992,1e-05,0.06517648696899414,59.46237325668335,2452.302734375
797,68.82768249511719,1e-05,0.0654449462890625,59.534154415130615,2452.302734375
798,70.84830856323242,1e-05,0.06519842147827148,59.60582256317139,2452.302734375
799,70.66362762451172,1e-05,0.06540703773498535,59.67793011665344,2452.302734375
800,70.66504669189453,1e-05,0.06474041938781738,59.74906015396118,2452.302734375
801,70.55979919433594,1e-05,0.06654500961303711,59.82221817970276,2452.302734375
802,69.22236633300781,1e-05,0.06635046005249023,59.89481496810913,2452.302734375
803,71.200439453125,1e-05,0.06550765037536621,59.96636652946472,2452.302734375
804,69.6258773803711,1e-05,0.06528592109680176,60.03799295425415,2452.302734375
805,70.41032409667969,1e-05,0.0650937557220459,60.10944890975952,2452.302734375
806,71.27560424804688,1e-05,0.06585192680358887,60.18192458152771,2452.302734375
807,70.41528701782227,1e-05,0.06525349617004395,60.25339961051941,2452.302734375
808,70.63657760620117,1e-05,0.06573033332824707,60.32526755332947,2452.302734375
809,69.98034286499023,1e-05,0.06528997421264648,60.39653754234314,2452.302734375
810,69.84750747680664,1e-05,0.06561589241027832,60.468265533447266,2452.302734375
811,70.49074172973633,1e-05,0.06565332412719727,60.54047131538391,2452.302734375
812,72.01554107666016,1e-05,0.06632232666015625,60.613224029541016,2452.302734375
813,70.10497665405273,1e-05,0.06544113159179688,60.68491220474243,2452.302734375
814,71.77608108520508,1e-05,0.06486272811889648,60.75625205039978,2452.302734375
815,71.24154281616211,1e-05,0.06479835510253906,60.82730031013489,2452.302734375
816,72.11084365844727,1e-05,0.06718969345092773,60.9008252620697,2452.302734375
817,70.69547653198242,1e-05,0.06823611259460449,60.975064516067505,2452.302734375
818,71.70497131347656,1e-05,0.06793093681335449,61.0489866733551,2452.302734375
819,71.74516677856445,1e-05,0.08650016784667969,61.14183211326599,2452.302734375
820,71.51691436767578,1e-05,0.09882354736328125,61.241392374038696,2452.302734375
821,72.47003555297852,1e-05,0.06642699241638184,61.31365370750427,2452.302734375
822,71.54277420043945,1e-05,0.06766009330749512,61.387462854385376,2452.302734375
823,71.74782180786133,1e-05,0.06743025779724121,61.46085453033447,2452.302734375
824,72.82316589355469,1e-05,0.06683659553527832,61.53416466712952,2452.302734375
825,72.23086166381836,1e-05,0.06611156463623047,61.60620474815369,2452.302734375
826,73.11177825927734,1e-05,0.06626296043395996,61.67920899391174,2452.302734375
827,71.24593353271484,1e-05,0.06698989868164062,61.75230860710144,2452.302734375
828,71.96876525878906,1e-05,0.06716036796569824,61.82611298561096,2452.302734375
829,72.40007019042969,1e-05,0.06671810150146484,61.89975547790527,2452.302734375
830,72.13024139404297,1e-05,0.06633353233337402,61.97247242927551,2452.302734375
831,72.94275665283203,1e-05,0.0663602352142334,62.04527020454407,2452.302734375
832,72.34778213500977,1e-05,0.06790971755981445,62.119701623916626,2452.302734375
833,72.29058456420898,1e-05,0.06653332710266113,62.19263935089111,2452.302734375
834,72.69837188720703,1e-05,0.06634855270385742,62.26553440093994,2452.302734375
835,73.76534271240234,1e-05,0.06637096405029297,62.33859086036682,2452.302734375
836,73.2641487121582,1e-05,0.06561756134033203,62.41059994697571,2452.302734375
837,74.04142761230469,1e-05,0.0657498836517334,62.48279786109924,2452.302734375
838,74.00419616699219,1e-05,0.06589794158935547,62.555288791656494,2452.302734375
839,74.06702041625977,1e-05,0.06637215614318848,62.62781500816345,2452.302734375
840,74.90752792358398,1e-05,0.06668853759765625,62.701319456100464,2452.302734375
841,73.53684616088867,1e-05,0.06575703620910645,62.77350115776062,2452.302734375
842,74.11456298828125,1e-05,0.06712675094604492,62.8467116355896,2452.302734375
843,73.42072296142578,1e-05,0.0667271614074707,62.91992688179016,2452.302734375
844,74.5914306640625,1e-05,0.06577873229980469,62.99171543121338,2452.302734375
845,73.81212615966797,1e-05,0.06615638732910156,63.064372062683105,2452.302734375
846,72.34482192993164,1e-05,0.06653904914855957,63.137290954589844,2452.302734375
847,73.2923812866211,1e-05,0.06620550155639648,63.20968246459961,2452.302734375
848,74.61054992675781,1e-05,0.06577110290527344,63.2818021774292,2452.302734375
849,74.59310913085938,1e-05,0.06884574890136719,63.3570294380188,2452.302734375
850,74.16364669799805,1e-05,0.06673622131347656,63.42978072166443,2452.302734375
851,74.40542984008789,1e-05,0.06661176681518555,63.5029935836792,2452.302734375
852,74.39800262451172,1e-05,0.07063865661621094,63.57984805107117,2452.302734375
853,74.36565399169922,1e-05,0.07813882827758789,63.66367721557617,2452.302734375
854,75.75281524658203,1e-05,0.07100081443786621,63.73991560935974,2452.302734375
855,75.64957809448242,1e-05,0.0665750503540039,63.81235718727112,2452.302734375
856,75.4925422668457,1e-05,0.06659293174743652,63.88504433631897,2452.302734375
857,75.01276397705078,1e-05,0.06661438941955566,63.95773959159851,2452.302734375
858,75.30056381225586,1e-05,0.06572246551513672,64.02972078323364,2452.302734375
859,76.29782104492188,1e-05,0.0666961669921875,64.10287809371948,2452.302734375
860,75.82197570800781,1e-05,0.06714916229248047,64.17632150650024,2452.302734375
861,76.94187545776367,1e-05,0.06678318977355957,64.2492663860321,2452.302734375
862,76.49810028076172,1e-05,0.06709551811218262,64.32247638702393,2452.302734375
863,77.36709213256836,1e-05,0.0706326961517334,64.39945530891418,2452.302734375
864,75.26684951782227,1e-05,0.06721258163452148,64.4726300239563,2452.302734375
865,77.67880630493164,1e-05,0.0683295726776123,64.54694890975952,2452.302734375
866,76.92967224121094,1e-05,0.06718802452087402,64.62011671066284,2452.302734375
867,77.58772277832031,1e-05,0.0664517879486084,64.69290161132812,2452.302734375
868,78.05894470214844,1e-05,0.0658109188079834,64.76499915122986,2452.302734375
869,78.10677337646484,1e-05,0.06686544418334961,64.83836317062378,2452.302734375
870,77.18621444702148,1e-05,0.06664323806762695,64.91105842590332,2452.302734375
871,77.8709831237793,1e-05,0.06606745719909668,64.98338603973389,2452.302734375
872,77.4124984741211,1e-05,0.0673975944519043,65.05708527565002,2452.302734375
873,76.90343856811523,1e-05,0.06650042533874512,65.12949824333191,2452.302734375
874,78.66513442993164,1e-05,0.06638932228088379,65.20213866233826,2452.302734375
875,78.22081756591797,1e-05,0.06631660461425781,65.2749354839325,2452.302734375
876,77.92166137695312,1e-05,0.06619811058044434,65.34743070602417,2452.302734375
877,77.85353469848633,1e-05,0.06627249717712402,65.42002487182617,2452.302734375
878,78.95067977905273,1e-05,0.06638550758361816,65.49281430244446,2452.302734375
879,77.84260940551758,1e-05,0.06881499290466309,65.56771159172058,2452.302734375
880,78.05314254760742,1e-05,0.0663454532623291,65.64009928703308,2452.302734375
881,78.13058090209961,1e-05,0.06597471237182617,65.71226501464844,2452.302734375
882,77.6496353149414,1e-05,0.066741943359375,65.7852692604065,2452.302734375
883,80.05604553222656,1e-05,0.06594347953796387,65.85769510269165,2452.302734375
884,78.32072830200195,1e-05,0.06927919387817383,65.93369936943054,2452.302734375
885,77.5746078491211,1e-05,0.06894540786743164,66.00837922096252,2452.302734375
886,77.17450714111328,1e-05,0.06834149360656738,66.0832085609436,2452.302734375
887,77.3493766784668,1e-05,0.08967876434326172,66.17881512641907,2452.302734375
888,78.50211334228516,1e-05,0.08206510543823242,66.26694703102112,2452.302734375
889,78.68956756591797,1e-05,0.0652468204498291,66.33872103691101,2452.302734375
890,80.16984939575195,1e-05,0.06535100936889648,66.41048383712769,2452.302734375
891,79.67395782470703,1e-05,0.06630229949951172,66.483163356781,2452.302734375
892,79.49287796020508,1e-05,0.06946349143981934,66.55861258506775,2452.302734375
893,79.54657363891602,1e-05,0.06716036796569824,66.63164019584656,2452.302734375
894,80.49560165405273,1e-05,0.06581354141235352,66.70361256599426,2452.302734375
895,79.9347152709961,1e-05,0.06579160690307617,66.7758355140686,2452.302734375
896,80.07667541503906,1e-05,0.06568431854248047,66.84790754318237,2452.302734375
897,80.98603057861328,1e-05,0.06550765037536621,66.91986107826233,2452.302734375
898,80.04461288452148,1e-05,0.06473302841186523,66.99097752571106,2452.302734375
899,80.04570007324219,1e-05,0.06541633605957031,67.06282114982605,2452.302734375
900,79.41997909545898,1e-05,0.06575369834899902,67.13447284698486,2452.302734375
901,80.44364929199219,1e-05,0.06555414199829102,67.20638513565063,2452.302734375
902,79.65426254272461,1e-05,0.06648421287536621,67.27918934822083,2452.302734375
903,79.46354675292969,1e-05,0.06547117233276367,67.35111665725708,2452.302734375
904,81.54328918457031,1e-05,0.06587719917297363,67.42317605018616,2452.302734375
905,80.44729995727539,1e-05,0.0679163932800293,67.49734234809875,2452.302734375
906,79.8619384765625,1e-05,0.07032036781311035,67.57366895675659,2452.302734375
907,80.55204772949219,1e-05,0.07006502151489258,67.6494505405426,2452.302734375
908,81.32058334350586,1e-05,0.06566905975341797,67.72105622291565,2452.302734375
909,80.60291290283203,1e-05,0.06500029563903809,67.79244613647461,2452.302734375
910,80.38605499267578,1e-05,0.06624841690063477,67.86488389968872,2452.302734375
911,80.16741943359375,1e-05,0.0662844181060791,67.9375331401825,2452.302734375
912,79.78904724121094,1e-05,0.06650090217590332,68.01052117347717,2452.302734375
913,80.61604309082031,1e-05,0.06523656845092773,68.0820701122284,2452.302734375
914,80.88204574584961,1e-05,0.06591916084289551,68.15430021286011,2452.302734375
915,81.58800506591797,1e-05,0.06943702697753906,68.23024487495422,2452.302734375
916,80.26242446899414,1e-05,0.0656590461730957,68.30187463760376,2452.302734375
917,81.73527526855469,1e-05,0.06837105751037598,68.37628078460693,2452.302734375
918,80.79788208007812,1e-05,0.07027459144592285,68.45258450508118,2452.302734375
919,82.06694412231445,1e-05,0.06712222099304199,68.52593541145325,2452.302734375
920,82.16099166870117,1e-05,0.06547999382019043,68.59752655029297,2452.302734375
921,82.42055892944336,1e-05,0.06481122970581055,68.66861605644226,2452.302734375
922,83.3539810180664,1e-05,0.06782269477844238,68.74328327178955,2452.302734375
923,83.8892822265625,1e-05,0.0682530403137207,68.81799411773682,2452.302734375
924,82.87379837036133,1e-05,0.06758832931518555,68.89171314239502,2452.302734375
925,83.74595642089844,1e-05,0.06711006164550781,68.96506476402283,2452.302734375
926,82.97480010986328,1e-05,0.06912350654602051,69.04048371315002,2452.302734375
927,83.74583435058594,1e-05,0.06786036491394043,69.11455512046814,2452.302734375
928,83.35165405273438,1e-05,0.06860756874084473,69.18932795524597,2452.302734375
929,83.26425170898438,1e-05,0.06804347038269043,69.26333212852478,2452.302734375
930,85.30814743041992,1e-05,0.06587529182434082,69.33576202392578,2452.302734375
931,85.03611755371094,1e-05,0.06586265563964844,69.40809416770935,2452.302734375
932,83.71976852416992,1e-05,0.06650662422180176,69.48109674453735,2452.302734375
933,83.37593460083008,1e-05,0.0662074089050293,69.55389189720154,2452.302734375
934,83.28329086303711,1e-05,0.0658559799194336,69.6258864402771,2452.302734375
935,84.62949752807617,1e-05,0.06738662719726562,69.69956827163696,2452.302734375
936,83.96586608886719,1e-05,0.06679797172546387,69.7723937034607,2452.302734375
937,84.01982879638672,1e-05,0.06510233879089355,69.84364295005798,2452.302734375
938,83.6809196472168,1e-05,0.06577849388122559,69.916090965271,2452.302734375
939,84.59402465820312,1e-05,0.06495237350463867,69.98709225654602,2452.302734375
940,84.18807220458984,1e-05,0.06490397453308105,70.05861353874207,2452.302734375
941,84.19840621948242,1e-05,0.06478452682495117,70.12976121902466,2452.302734375
942,84.76859664916992,1e-05,0.06695723533630371,70.20289850234985,2452.302734375
943,84.78789520263672,1e-05,0.06732892990112305,70.27667832374573,2452.302734375
944,85.48474884033203,1e-05,0.06714820861816406,70.34982943534851,2452.302734375
945,84.7657241821289,1e-05,0.06728005409240723,70.4232177734375,2452.302734375
946,85.59698486328125,1e-05,0.06680870056152344,70.49607396125793,2452.302734375
947,85.89152145385742,1e-05,0.06738519668579102,70.56988000869751,2452.302734375
948,85.98932266235352,1e-05,0.06611227989196777,70.642098903656,2452.302734375
949,86.05001831054688,1e-05,0.06770944595336914,70.71639966964722,2452.302734375
950,86.51541900634766,1e-05,0.06578540802001953,70.78808355331421,2452.302734375
951,86.58561706542969,1e-05,0.06798982620239258,70.8627622127533,2452.302734375
952,86.11833572387695,1e-05,0.07087349891662598,70.93940210342407,2452.302734375
953,85.7635383605957,1e-05,0.06878399848937988,71.0141990184784,2452.302734375
954,85.40637588500977,1e-05,0.06783056259155273,71.08778405189514,2452.302734375
955,86.6895523071289,1e-05,0.09977960586547852,71.19366955757141,2452.302734375
956,86.38548278808594,1e-05,0.06773710250854492,71.26703691482544,2452.302734375
957,86.27814102172852,1e-05,0.06775689125061035,71.34118008613586,2452.302734375
958,86.22348022460938,1e-05,0.06523609161376953,71.41026902198792,2452.302734375
959,84.9143180847168,1e-05,0.06613039970397949,71.4827733039856,2452.302734375
960,86.95355987548828,1e-05,0.06664109230041504,71.55562806129456,2452.302734375
961,87.58633804321289,1e-05,0.06661367416381836,71.62824249267578,2452.302734375
962,87.57649230957031,1e-05,0.06644606590270996,71.7009334564209,2452.302734375
963,86.81454086303711,1e-05,0.0662527084350586,71.77313137054443,2452.302734375
964,87.20885467529297,1e-05,0.06639933586120605,71.84551358222961,2452.302734375
965,88.23841094970703,1e-05,0.06717061996459961,71.9188141822815,2452.302734375
966,87.47541427612305,1e-05,0.06586813926696777,71.99065017700195,2452.302734375
967,87.87375259399414,1e-05,0.06659936904907227,72.06347489356995,2452.302734375
968,86.71529388427734,1e-05,0.06641316413879395,72.13600254058838,2452.302734375
969,87.15593719482422,1e-05,0.06715965270996094,72.20942091941833,2452.302734375
970,87.41970443725586,1e-05,0.06919407844543457,72.28440356254578,2452.302734375
971,88.42484283447266,1e-05,0.06575870513916016,72.3561224937439,2452.302734375
972,87.9929084777832,1e-05,0.06659698486328125,72.42913508415222,2452.302734375
973,88.17306518554688,1e-05,0.06670022010803223,72.50266075134277,2452.302734375
974,87.80189895629883,1e-05,0.067352294921875,72.57660627365112,2452.302734375
975,88.76725769042969,1e-05,0.06570124626159668,72.64851379394531,2452.302734375
976,88.92695236206055,1e-05,0.06667613983154297,72.72199988365173,2452.302734375
977,88.40171432495117,1e-05,0.06685781478881836,72.79533386230469,2452.302734375
978,89.02616119384766,1e-05,0.06708502769470215,72.86912202835083,2452.302734375
979,87.86337661743164,1e-05,0.0675811767578125,72.94319701194763,2452.302734375
980,88.6232795715332,1e-05,0.0677490234375,73.01723790168762,2452.302734375
981,88.79944610595703,1e-05,0.06693816184997559,73.09053015708923,2452.302734375
982,89.34082794189453,1e-05,0.06815218925476074,73.16510486602783,2452.302734375
983,89.76514053344727,1e-05,0.06679582595825195,73.23823380470276,2452.302734375
984,88.20909118652344,1e-05,0.06636667251586914,73.31099677085876,2452.302734375
985,87.67622375488281,1e-05,0.06707191467285156,73.3844964504242,2452.302734375
986,88.51849746704102,1e-05,0.06636548042297363,73.45719814300537,2452.302734375
987,89.15095901489258,1e-05,0.06651878356933594,73.53027725219727,2452.302734375
988,88.15210723876953,1e-05,0.06630158424377441,73.60319900512695,2452.302734375
989,88.70404815673828,1e-05,0.06645965576171875,73.67588210105896,2452.302734375
990,89.58848571777344,1e-05,0.06563854217529297,73.74788212776184,2452.302734375
991,87.65065383911133,1e-05,0.06689643859863281,73.82122993469238,2452.302734375
992,90.2568244934082,1e-05,0.06791067123413086,73.89537119865417,2452.302734375
993,89.89122009277344,1e-05,0.06717705726623535,73.96874737739563,2452.302734375
994,90.04225158691406,1e-05,0.06624794006347656,74.04116821289062,2452.302734375
995,90.17936325073242,1e-05,0.06811094284057617,74.11579155921936,2452.302734375
996,88.6007308959961,1e-05,0.06839919090270996,74.1894760131836,2452.302734375
997,89.73746490478516,1e-05,0.06696629524230957,74.26254272460938,2452.302734375
998,90.40127563476562,1e-05,0.0654599666595459,74.33406901359558,2452.302734375
999,90.17385482788086,1e-05,0.06555843353271484,74.40592813491821,2452.302734375
